experiment_id,fault_type,fault_target,ground_truth_root_cause,detected_root_cause,rca_match,detected_confidence,incident_id,traffic_rate_rps,requests_started,requests_completed,requests_failed,observed_start_rate,observed_completion_rate,max_concurrent_requests,average_response_latency,p95_response_latency,telemetry_samples_count,duration_seconds,experiment_status
EXP-001,NO_FAULT,none,none,none,,0.0,none,1,39,39,0,1.03,1.03,1,19.12,23.46,190,25.0,SUCCESS
EXP-002,NO_FAULT,none,none,none,,0.0,none,1,39,39,0,1.03,1.03,1,20.32,23.73,195,25.0,SUCCESS
EXP-003,NO_FAULT,none,none,none,,0.0,none,1,39,39,0,1.03,1.03,1,20.89,23.8,190,25.0,SUCCESS
EXP-004,NO_FAULT,none,none,none,,0.0,none,1,39,39,0,1.03,1.03,1,19.66,23.89,195,25.0,SUCCESS
EXP-005,NO_FAULT,none,none,none,,0.0,none,5,191,191,0,5.03,5.02,1,17.63,21.87,195,25.0,SUCCESS
EXP-006,NO_FAULT,none,none,none,,0.0,none,5,191,191,0,5.02,5.02,1,16.98,21.26,190,25.0,SUCCESS
EXP-007,NO_FAULT,none,none,none,,0.0,none,5,191,191,0,5.02,5.02,1,16.94,21.02,195,25.0,SUCCESS
EXP-008,NO_FAULT,none,none,none,,0.0,none,15,571,571,0,15.02,15.02,1,12.69,17.93,190,25.0,SUCCESS
EXP-009,NO_FAULT,none,none,none,,0.0,none,15,571,571,0,15.02,15.01,1,12.51,17.38,195,25.0,SUCCESS
EXP-010,NO_FAULT,none,none,none,,0.0,none,15,571,571,0,15.02,15.02,1,13.37,18.37,195,25.0,SUCCESS
EXP-011,DB_LATENCY,inventory-db,inventory-db,inventory-db,True,0.8943,2e1080e1-70d7-4805-a147-c748a240c510,1,40,40,0,1.02,1.02,1,151.89,228.6,195,26.0,SUCCESS
EXP-012,DB_LATENCY,inventory-db,inventory-db,inventory-db,True,0.8983,d536e09c-20ba-4dca-9279-9c74b33627bc,1,40,40,0,1.02,1.02,1,279.99,427.48,195,26.0,SUCCESS
EXP-013,DB_LATENCY,inventory-db,inventory-db,inventory-db,True,0.9023,bd8f4b1e-c3da-4688-b0fd-064f82ccec58,1,40,40,0,1.02,1.02,1,409.97,626.96,200,26.0,SUCCESS
EXP-014,DB_LATENCY,inventory-db,inventory-db,inventory-db,True,0.9063,5da17f68-969a-4961-af30-b3f086fe070c,1,40,40,0,1.02,1.02,1,541.84,828.37,195,26.0,SUCCESS
EXP-015,DB_LATENCY,inventory-db,inventory-db,inventory-db,True,0.91,10b50c30-9c41-41d4-90d5-a4d145dbda1a,1,40,40,0,1.02,1.02,2,668.97,1022.27,200,26.0,SUCCESS
EXP-016,DB_LATENCY,inventory-db,inventory-db,inventory-db,True,0.91,47ffad45-984a-403e-ac28-c2e931bef87b,1,40,40,0,1.02,1.02,2,800.46,1227.7,195,26.0,SUCCESS
EXP-017,DB_LATENCY,inventory-db,inventory-db,inventory-db,True,0.91,86b8d881-58cc-48b0-abb0-4103f3394fe2,1,40,40,0,1.02,1.02,2,995.23,1525.73,200,26.0,SUCCESS
EXP-018,DB_LATENCY,inventory-db,inventory-db,inventory-db,True,0.91,3f051a37-1254-4011-a059-b6d93428dc15,1,40,40,0,1.02,1.02,2,1188.41,1823.98,195,26.0,SUCCESS
EXP-019,DB_LATENCY,inventory-db,inventory-db,inventory-db,True,0.91,09815be6-11e8-4f91-ab3b-a4fcfa1831b1,1,40,40,0,1.02,1.02,3,1450.2,2226.48,195,26.0,SUCCESS
EXP-020,DB_LATENCY,inventory-db,inventory-db,inventory-db,True,0.91,2f8c7323-70d9-4f4d-8b71-688f0e3cbe4e,1,40,40,0,1.02,1.02,3,1644.09,2526.39,200,26.0,SUCCESS
EXP-021,DB_LATENCY,inventory-db,inventory-db,inventory-db,True,0.9023,f2102deb-2e44-4021-875f-414f2ea360b2,5,196,196,0,5.02,5.02,4,414.32,620.09,195,26.0,SUCCESS
EXP-022,DB_LATENCY,inventory-db,inventory-db,inventory-db,True,0.91,f07e4510-cabb-4f6a-9bb8-a42049c2a7ab,5,196,196,0,5.02,5.02,7,811.93,1219.83,200,26.0,SUCCESS
EXP-023,DB_LATENCY,inventory-db,inventory-db,inventory-db,True,0.9023,c1c4fddc-3a0e-4857-b44e-4ccee4bb48a9,15,586,586,0,15.01,15.01,10,412.19,617.2,195,26.0,SUCCESS
EXP-024,DB_LATENCY,inventory-db,inventory-db,inventory-db,True,0.91,1781fb74-d6bf-4b89-998d-4be7d93da7a1,15,586,586,0,15.01,15.01,19,811.26,1218.0,200,26.0,SUCCESS
EXP-025,DB_LATENCY,inventory-db,inventory-db,inventory-db,True,0.91,b9778a8a-2038-4e13-a980-f91b601dcc0d,1,40,40,0,1.02,1.02,2,665.85,1021.24,200,26.0,SUCCESS
EXP-026,DB_LATENCY,inventory-db,inventory-db,inventory-db,True,0.91,1bc957ca-7de1-4c08-8e92-58bac40c6b86,1,40,40,0,1.02,1.02,2,994.44,1526.06,195,26.0,SUCCESS
EXP-027,DB_LATENCY,inventory-db,inventory-db,inventory-db,True,0.91,006d39f6-0032-45c1-abf2-b82b123d8411,1,40,40,0,1.02,1.02,2,1189.03,1824.29,200,26.0,SUCCESS
EXP-028,DB_LATENCY,inventory-db,inventory-db,inventory-db,True,0.91,b8a6dc9c-b35b-4bb7-a9a1-1be071a6bc94,1,40,40,0,1.02,1.02,3,1643.13,2525.49,195,26.0,SUCCESS
EXP-029,NETWORK_LATENCY,inventory-service,inventory-service,inventory-service,True,0.8615,2fb36170-313b-4efb-bd49-5e98959bc674,1,40,40,0,1.02,1.02,1,148.9,225.24,200,26.0,SUCCESS
EXP-030,NETWORK_LATENCY,inventory-service,inventory-service,inventory-service,True,0.8991,4d94f682-b0e0-4ec5-8ee8-4f15104e5777,1,40,40,0,1.02,1.02,1,278.4,423.24,195,26.0,SUCCESS
EXP-031,NETWORK_LATENCY,inventory-service,inventory-service,inventory-service,True,0.9031,52b3c3e5-5549-4b54-bb64-6b4828aa0356,5,196,196,0,5.02,5.02,4,413.01,619.17,200,26.0,SUCCESS
EXP-032,NETWORK_LATENCY,inventory-service,inventory-service,inventory-service,True,0.9071,a9453e85-d09d-4e8d-b254-6a4863d93315,1,40,40,0,1.02,1.02,1,538.27,824.84,195,26.0,SUCCESS
EXP-033,NETWORK_LATENCY,inventory-service,inventory-service,inventory-service,True,0.91,78d5e501-03e8-4aed-a50d-292c87130544,5,196,196,0,5.02,5.02,6,677.27,1017.83,200,26.0,SUCCESS
EXP-034,NETWORK_LATENCY,inventory-service,inventory-service,inventory-service,True,0.91,d7d7c974-2734-470b-a306-e254e52ee0fe,1,40,40,0,1.02,1.02,2,992.33,1523.11,200,26.0,SUCCESS
EXP-035,NETWORK_LATENCY,inventory-service,inventory-service,inventory-service,True,0.91,bb9310a8-cc31-4a5d-9dab-63e6af2817ab,1,40,40,0,1.02,1.02,3,1448.43,2223.1,195,26.0,SUCCESS
EXP-036,NETWORK_LATENCY,inventory-service,inventory-service,inventory-service,True,0.9071,a54873e9-6677-4b32-8c28-5aad0ed7f91e,1,40,40,0,1.02,1.02,1,538.75,823.12,200,26.0,SUCCESS
EXP-037,SERVICE_LATENCY,inventory-service,inventory-service,inventory-service,True,0.8615,4570a9cf-0e93-4839-9747-8b1fb4d31398,1,40,40,0,1.02,1.02,1,146.92,220.63,195,26.0,SUCCESS
EXP-038,SERVICE_LATENCY,inventory-service,inventory-service,inventory-service,True,0.9011,735ae71d-ed6b-41e6-bd5e-9cdade4ad275,1,40,40,0,1.02,1.02,1,341.64,522.66,200,26.0,SUCCESS
EXP-039,SERVICE_LATENCY,inventory-service,inventory-service,inventory-service,True,0.9071,a3025de1-c051-4805-985d-f49adb5139bc,15,586,586,0,15.01,15.01,13,545.32,816.39,200,26.0,SUCCESS
EXP-040,SERVICE_LATENCY,inventory-service,inventory-service,inventory-service,True,0.91,082bc15f-2ae7-4d00-b547-b4a552d42cc8,1,40,40,0,1.02,1.02,2,797.46,1221.89,195,26.0,SUCCESS
EXP-041,SERVICE_LATENCY,inventory-service,inventory-service,inventory-service,True,0.91,6dd0c3d0-da41-4625-850f-0cabd8840f7b,1,40,40,0,1.02,1.02,2,1188.89,1830.37,200,26.0,SUCCESS
EXP-042,SERVICE_LATENCY,inventory-service,inventory-service,inventory-service,True,0.91,5a1a65ab-b8e1-42e6-a8db-cec66b05409a,1,40,40,0,1.02,1.02,3,1643.68,2521.61,195,26.0,SUCCESS
EXP-043,SERVICE_FAILURE,inventory-service,inventory-service,inventory-service,True,0.7843,a9272e8b-7d7d-4eba-887f-91a14dfd1245,1,40,14,26,1.02,0.36,1,19.37,27.18,200,26.0,SUCCESS
EXP-044,SERVICE_FAILURE,inventory-service,inventory-service,inventory-service,True,0.7843,b8875d20-13ea-4502-b038-6ea448d4e14b,5,196,66,130,5.02,1.69,1,15.9,21.51,195,26.0,SUCCESS
EXP-045,SERVICE_FAILURE,inventory-service,inventory-service,inventory-service,True,0.7843,b4d2796c-246c-48d8-b951-d48c5ca3c093,15,586,196,390,15.01,5.02,1,13.21,18.56,200,26.0,SUCCESS
EXP-046,SERVICE_LATENCY,order-service,order-service,order-service,True,0.7569,6f284582-f2f8-4cd9-ae62-c3a4c8192271,1,40,40,0,1.02,1.02,1,146.26,222.16,200,26.0,SUCCESS
EXP-047,SERVICE_LATENCY,order-service,order-service,order-service,True,0.8996,8381d1b8-2c73-40ea-86b1-a1627758109f,5,196,196,0,5.02,5.02,3,279.09,417.21,195,26.0,SUCCESS
EXP-048,SERVICE_LATENCY,order-service,order-service,order-service,True,0.9036,46a37c9d-9f26-43a9-8667-e70945fd3132,1,40,40,0,1.02,1.02,1,405.96,622.99,200,26.0,SUCCESS
EXP-049,SERVICE_LATENCY,order-service,order-service,order-service,True,0.9086,f32a2c93-d0d9-4133-8c64-d4a058214e94,5,196,196,0,5.02,5.02,5,578.64,870.65,195,26.0,SUCCESS
EXP-050,SERVICE_LATENCY,order-service,order-service,order-service,True,0.91,aa52c9d4-8700-462e-972b-b553ecb39728,1,40,40,0,1.02,1.02,2,664.18,1017.15,200,26.0,SUCCESS
EXP-051,SERVICE_LATENCY,order-service,order-service,order-service,True,0.91,8e407c4f-3b1a-4c81-8913-2f353b3e0ce4,1,40,40,0,1.02,1.02,2,793.43,1218.69,195,26.0,SUCCESS
EXP-052,SERVICE_LATENCY,order-service,order-service,order-service,True,0.91,4c0f5bcd-d920-4d7d-95fc-949a452dd0c4,1,40,40,0,1.02,1.02,2,991.05,1521.77,200,26.0,SUCCESS
EXP-053,SERVICE_LATENCY,order-service,order-service,order-service,True,0.91,c37d9af0-9f7d-4f9e-8ac1-6261cc4e9cae,1,40,40,0,1.02,1.02,2,1186.96,1824.21,200,26.0,SUCCESS
EXP-054,SERVICE_LATENCY,order-service,order-service,order-service,True,0.9086,4a4ed2d7-253e-4183-827a-2f6300dd19e5,1,40,40,0,1.02,1.02,1,568.07,871.55,195,26.0,SUCCESS
EXP-055,ERROR_RATE,order-service,order-service,order-service,True,0.3224,35a02f55-8206-4df6-a126-34b20dd5f66a,1,40,40,0,1.02,1.02,1,534.57,821.41,200,26.0,SUCCESS
EXP-056,ERROR_RATE,order-service,order-service,order-service,True,0.6724,639b60ef-66be-4b87-b809-fd9f85ce39d5,1,40,40,0,1.02,1.02,1,537.14,821.7,195,26.0,SUCCESS
EXP-057,ERROR_RATE,order-service,order-service,order-service,True,0.7473,75393ba3-8202-4e7a-9812-28c0909863f7,5,196,196,0,5.02,5.02,5,544.63,817.35,200,26.0,SUCCESS
EXP-058,ERROR_RATE,order-service,order-service,order-service,True,0.99,2677f7ec-4327-4715-bbaf-c5a61b7881e8,1,40,40,0,1.02,1.02,1,537.25,822.25,195,26.0,SUCCESS
EXP-059,ERROR_RATE,order-service,order-service,order-service,True,0.8976,f3eafb57-e638-4360-bc7a-584046206e4d,1,40,40,0,1.02,1.02,1,538.25,828.3,200,26.0,SUCCESS
EXP-060,ERROR_RATE,order-service,order-service,order-service,True,0.8996,d95bf782-0477-48cd-93ed-aedbb8bce156,1,40,40,0,1.02,1.02,1,536.53,821.49,195,26.0,SUCCESS
EXP-061,SERVICE_FAILURE,order-service,order-service,order-service,True,0.7848,7df8869f-1d35-451a-9901-33ea92fe04d8,1,40,14,26,1.02,0.36,1,14.71,19.06,200,26.0,SUCCESS
EXP-062,SERVICE_FAILURE,order-service,order-service,order-service,True,0.7848,8df9ee95-7310-417a-ad4d-93ad88b8bb2f,5,196,66,130,5.02,1.69,1,13.2,16.83,195,26.0,SUCCESS
EXP-063,SERVICE_FAILURE,payment-service,payment-service,order-service,False,0.7061,d2a014ea-f5b5-47c3-a96e-731da64edd27,1,40,14,26,1.02,0.36,1,17.34,22.22,200,26.0,SUCCESS
EXP-064,SERVICE_FAILURE,payment-service,payment-service,order-service,False,0.7061,094fda70-caa8-44d1-b04e-2f36949a8b2c,5,196,66,130,5.02,1.69,1,15.79,19.85,200,26.0,SUCCESS
EXP-065,SERVICE_FAILURE,payment-service,payment-service,order-service,False,0.7061,90e6f2b4-1003-4426-932c-5c457934ade0,15,586,196,390,15.01,5.02,1,13.12,18.09,195,26.0,SUCCESS
EXP-066,SERVICE_FAILURE,payment-service,payment-service,none,,0.0,none,1,40,14,26,1.02,0.36,1,16.67,23.3,200,26.0,SUCCESS
EXP-067,ERROR_RATE,payment-service,payment-service,payment-service,True,0.3221,bf4350aa-870f-4df3-8dd7-c0012b2df38d,1,40,40,0,1.02,1.02,1,533.3,820.97,195,26.0,SUCCESS
EXP-068,ERROR_RATE,payment-service,payment-service,payment-service,True,0.5345,7b9ea879-bc37-4b10-b469-40ea0d33e3df,5,196,196,0,5.02,5.02,5,542.85,816.97,200,26.0,SUCCESS
EXP-069,ERROR_RATE,payment-service,payment-service,payment-service,True,0.747,a6e6932f-964f-4151-90d8-3bbda2d966ec,15,587,587,0,15.02,15.02,13,542.16,814.63,195,26.0,SUCCESS
EXP-070,ERROR_RATE,payment-service,payment-service,none,,0.0,none,1,40,40,0,1.02,1.02,1,534.19,818.78,200,26.0,SUCCESS
EXP-071,ERROR_RATE,payment-service,payment-service,payment-service,True,0.99,aea2306e-0277-48d3-81d0-eee3a36301d5,5,196,196,0,5.02,5.02,5,541.92,815.08,195,26.0,SUCCESS
EXP-072,ERROR_RATE,payment-service,payment-service,payment-service,True,0.8973,71fb513b-fe31-4ee0-8680-0865e9524939,1,40,40,0,1.02,1.02,1,534.37,820.34,195,26.0,SUCCESS
EXP-073,ERROR_RATE,payment-service,payment-service,payment-service,True,0.8993,2b60f413-f957-4f86-a24f-1c56d51e6a4c,1,40,40,0,1.02,1.02,1,534.8,822.18,195,26.0,SUCCESS
EXP-074,NETWORK_LATENCY,payment-service,payment-service,none,,0.0,none,1,40,40,0,1.02,1.02,1,275.39,420.2,195,26.0,SUCCESS
EXP-075,NETWORK_LATENCY,payment-service,payment-service,none,,0.0,none,1,40,40,0,1.02,1.02,1,536.35,821.22,195,26.0,SUCCESS
EXP-076,NETWORK_LATENCY,payment-service,payment-service,payment-service,True,0.91,59b2916e-b84e-4c51-8722-2d712d34c777,1,40,40,0,1.02,1.02,1,633.6,970.05,195,26.0,SUCCESS
EXP-077,NETWORK_LATENCY,payment-service,payment-service,none,,0.0,none,1,40,40,0,1.02,1.02,2,992.24,1521.41,195,26.0,SUCCESS
EXP-078,NETWORK_LATENCY,payment-service,payment-service,order-service,False,0.91,1810de78-ff9c-479d-bb20-2fc7e85a362b,1,40,40,0,1.02,1.02,3,1446.57,2221.19,195,26.0,SUCCESS
EXP-079,SERVICE_LATENCY,payment-service,payment-service,none,,0.0,none,1,40,40,0,1.02,1.02,1,341.36,520.67,200,26.0,SUCCESS
EXP-080,SERVICE_LATENCY,payment-service,payment-service,none,,0.0,none,5,196,196,0,5.02,5.02,7,809.02,1216.37,195,26.0,SUCCESS
